код,nazva,посилання
1,Дюна,https://www.youtube.com/watch?v=abc123
2,Інтерстеллар,https://www.youtube.com/watch?v=def456
3,Матриця,https://www.youtube.com/watch?v=ghi789
4,Вартові галактики,https://www.youtube.com/watch?v=d96cjJhvlMA
5,Початок,https://www.youtube.com/watch?v=YoHD9XEInc0
6,Темний лицар,https://www.youtube.com/watch?v=EXeTwQWrcwY
7,Аватар,https://www.youtube.com/watch?v=5PSNL1qE6VY
8,Зоряні війни: Війна клонів,https://www.youtube.com/watch?v=J1uRzdfxpHE
9,Титанік,https://www.youtube.com/watch?v=2e-eXJ6HgkQ
10,Гравітація,https://www.youtube.com/watch?v=OiTiKOy59o4
11,Залізна людина,https://www.youtube.com/watch?v=8ugaeA-nMTc
12,Людина-павук,https://www.youtube.com/watch?v=tg52up16eq0
13,Джокер,https://www.youtube.com/watch?v=zAGVQLHvwOY
14,Месники: Завершення,https://www.youtube.com/watch?v=TcMBFSGVi1c
15,Шалений Макс,https://www.youtube.com/watch?v=hEJnMQG9ev8
